,MONTH,MONTH_NAME,DAY,STATUS,COUNTS
0,1,Jan,1,DELAYED,5277
1,1,Jan,1,ON_TIME,7007
2,1,Jan,2,DELAYED,7852
3,1,Jan,2,ON_TIME,7254
4,1,Jan,3,DELAYED,9378
5,1,Jan,3,ON_TIME,4498
6,1,Jan,4,DELAYED,10245
7,1,Jan,4,ON_TIME,4319
8,1,Jan,5,DELAYED,8428
9,1,Jan,5,ON_TIME,6321
10,1,Jan,6,DELAYED,7695
11,1,Jan,6,ON_TIME,6070
12,1,Jan,7,DELAYED,6965
13,1,Jan,7,ON_TIME,6996
14,1,Jan,8,DELAYED,6187
15,1,Jan,8,ON_TIME,7605
16,1,Jan,9,DELAYED,6954
17,1,Jan,9,ON_TIME,7241
18,1,Jan,10,DELAYED,3994
19,1,Jan,10,ON_TIME,7132
20,1,Jan,11,DELAYED,5945
21,1,Jan,11,ON_TIME,7204
22,1,Jan,12,DELAYED,8142
23,1,Jan,12,ON_TIME,6043
24,1,Jan,13,DELAYED,5424
25,1,Jan,13,ON_TIME,8407
26,1,Jan,14,DELAYED,4284
27,1,Jan,14,ON_TIME,9763
28,1,Jan,15,DELAYED,5507
29,1,Jan,15,ON_TIME,9073
30,1,Jan,16,DELAYED,5185
31,1,Jan,16,ON_TIME,9478
32,1,Jan,17,DELAYED,2372
33,1,Jan,17,ON_TIME,8641
34,1,Jan,18,DELAYED,3623
35,1,Jan,18,ON_TIME,8908
36,1,Jan,19,DELAYED,4068
37,1,Jan,19,ON_TIME,10480
38,1,Jan,20,DELAYED,4002
39,1,Jan,20,ON_TIME,9913
40,1,Jan,21,DELAYED,5061
41,1,Jan,21,ON_TIME,9039
42,1,Jan,22,DELAYED,5048
43,1,Jan,22,ON_TIME,9516
44,1,Jan,23,DELAYED,5241
45,1,Jan,23,ON_TIME,9363
46,1,Jan,24,DELAYED,3426
47,1,Jan,24,ON_TIME,7611
48,1,Jan,25,DELAYED,4513
49,1,Jan,25,ON_TIME,8818
50,1,Jan,26,DELAYED,5039
51,1,Jan,26,ON_TIME,8145
52,1,Jan,27,DELAYED,2412
53,1,Jan,27,ON_TIME,9144
54,1,Jan,28,DELAYED,3297
55,1,Jan,28,ON_TIME,10261
56,1,Jan,29,DELAYED,4557
57,1,Jan,29,ON_TIME,10036
58,1,Jan,30,DELAYED,5744
59,1,Jan,30,ON_TIME,8871
60,1,Jan,31,DELAYED,2868
61,1,Jan,31,ON_TIME,7998
62,2,Feb,1,DELAYED,4100
63,2,Feb,1,ON_TIME,6282
64,2,Feb,2,DELAYED,5902
65,2,Feb,2,ON_TIME,6159
66,2,Feb,3,DELAYED,5574
67,2,Feb,3,ON_TIME,7854
68,2,Feb,4,DELAYED,5900
69,2,Feb,4,ON_TIME,8016
70,2,Feb,5,DELAYED,6942
71,2,Feb,5,ON_TIME,7346
72,2,Feb,6,DELAYED,4549
73,2,Feb,6,ON_TIME,9909
74,2,Feb,7,DELAYED,2623
75,2,Feb,7,ON_TIME,8540
76,2,Feb,8,DELAYED,4337
77,2,Feb,8,ON_TIME,8715
78,2,Feb,9,DELAYED,5366
79,2,Feb,9,ON_TIME,8151
80,2,Feb,10,DELAYED,3851
81,2,Feb,10,ON_TIME,9981
82,2,Feb,11,DELAYED,3989
83,2,Feb,11,ON_TIME,10204
84,2,Feb,12,DELAYED,6017
85,2,Feb,12,ON_TIME,8910
86,2,Feb,13,DELAYED,6073
87,2,Feb,13,ON_TIME,9014
88,2,Feb,14,DELAYED,4425
89,2,Feb,14,ON_TIME,6682
90,2,Feb,15,DELAYED,4839
91,2,Feb,15,ON_TIME,7093
92,2,Feb,16,DELAYED,7785
93,2,Feb,16,ON_TIME,6203
94,2,Feb,17,DELAYED,7463
95,2,Feb,17,ON_TIME,6616
96,2,Feb,18,DELAYED,6890
97,2,Feb,18,ON_TIME,7880
98,2,Feb,19,DELAYED,6747
99,2,Feb,19,ON_TIME,8213
100,2,Feb,20,DELAYED,6931
101,2,Feb,20,ON_TIME,7903
102,2,Feb,21,DELAYED,5008
103,2,Feb,21,ON_TIME,5951
104,2,Feb,22,DELAYED,7165
105,2,Feb,22,ON_TIME,6089
106,2,Feb,23,DELAYED,6542
107,2,Feb,23,ON_TIME,7208
108,2,Feb,24,DELAYED,6071
109,2,Feb,24,ON_TIME,7800
110,2,Feb,25,DELAYED,6209
111,2,Feb,25,ON_TIME,7577
112,2,Feb,26,DELAYED,8519
113,2,Feb,26,ON_TIME,5985
114,2,Feb,27,DELAYED,6671
115,2,Feb,27,ON_TIME,7658
116,2,Feb,28,DELAYED,4805
117,2,Feb,28,ON_TIME,5868
118,3,Mar,1,DELAYED,7634
119,3,Mar,1,ON_TIME,4815
120,3,Mar,2,DELAYED,8238
121,3,Mar,2,ON_TIME,6320
122,3,Mar,3,DELAYED,8019
123,3,Mar,3,ON_TIME,5773
124,3,Mar,4,DELAYED,6518
125,3,Mar,4,ON_TIME,7239
126,3,Mar,5,DELAYED,6456
127,3,Mar,5,ON_TIME,6179
128,3,Mar,6,DELAYED,7496
129,3,Mar,6,ON_TIME,7372
130,3,Mar,7,DELAYED,4323
131,3,Mar,7,ON_TIME,8723
132,3,Mar,8,DELAYED,5351
133,3,Mar,8,ON_TIME,9370
134,3,Mar,9,DELAYED,5172
135,3,Mar,9,ON_TIME,10239
136,3,Mar,10,DELAYED,4899
137,3,Mar,10,ON_TIME,10039
138,3,Mar,11,DELAYED,5471
139,3,Mar,11,ON_TIME,9772
140,3,Mar,12,DELAYED,6141
141,3,Mar,12,ON_TIME,9414
142,3,Mar,13,DELAYED,6065
143,3,Mar,13,ON_TIME,9534
144,3,Mar,14,DELAYED,4758
145,3,Mar,14,ON_TIME,8445
146,3,Mar,15,DELAYED,5236
147,3,Mar,15,ON_TIME,9502
148,3,Mar,16,DELAYED,4305
149,3,Mar,16,ON_TIME,11217
150,3,Mar,17,DELAYED,4625
151,3,Mar,17,ON_TIME,10396
152,3,Mar,18,DELAYED,4608
153,3,Mar,18,ON_TIME,10639
154,3,Mar,19,DELAYED,5241
155,3,Mar,19,ON_TIME,10322
156,3,Mar,20,DELAYED,6673
157,3,Mar,20,ON_TIME,8387
158,3,Mar,21,DELAYED,4731
159,3,Mar,21,ON_TIME,8424
160,3,Mar,22,DELAYED,5279
161,3,Mar,22,ON_TIME,9535
162,3,Mar,23,DELAYED,6246
163,3,Mar,23,ON_TIME,8561
164,3,Mar,24,DELAYED,4538
165,3,Mar,24,ON_TIME,10465
166,3,Mar,25,DELAYED,5798
167,3,Mar,25,ON_TIME,9532
168,3,Mar,26,DELAYED,6890
169,3,Mar,26,ON_TIME,8560
170,3,Mar,27,DELAYED,6963
171,3,Mar,27,ON_TIME,8564
172,3,Mar,28,DELAYED,3939
173,3,Mar,28,ON_TIME,9223
174,3,Mar,29,DELAYED,4164
175,3,Mar,29,ON_TIME,10635
176,3,Mar,30,DELAYED,4732
177,3,Mar,30,ON_TIME,10842
178,3,Mar,31,DELAYED,4323
179,3,Mar,31,ON_TIME,10825
180,4,Apr,1,DELAYED,4842
181,4,Apr,1,ON_TIME,10523
182,4,Apr,2,DELAYED,6679
183,4,Apr,2,ON_TIME,8845
184,4,Apr,3,DELAYED,5965
185,4,Apr,3,ON_TIME,9436
186,4,Apr,4,DELAYED,3508
187,4,Apr,4,ON_TIME,8970
188,4,Apr,5,DELAYED,4359
189,4,Apr,5,ON_TIME,9829
190,4,Apr,6,DELAYED,4931
191,4,Apr,6,ON_TIME,10650
192,4,Apr,7,DELAYED,5614
193,4,Apr,7,ON_TIME,9341
194,4,Apr,8,DELAYED,6587
195,4,Apr,8,ON_TIME,8660
196,4,Apr,9,DELAYED,7441
197,4,Apr,9,ON_TIME,7184
198,4,Apr,10,DELAYED,7856
199,4,Apr,10,ON_TIME,7418
200,4,Apr,11,DELAYED,3209
201,4,Apr,11,ON_TIME,9063
202,4,Apr,12,DELAYED,4589
203,4,Apr,12,ON_TIME,10085
204,4,Apr,13,DELAYED,6661
205,4,Apr,13,ON_TIME,8605
206,4,Apr,14,DELAYED,4834
207,4,Apr,14,ON_TIME,10071
208,4,Apr,15,DELAYED,4807
209,4,Apr,15,ON_TIME,10453
210,4,Apr,16,DELAYED,6431
211,4,Apr,16,ON_TIME,8800
212,4,Apr,17,DELAYED,5912
213,4,Apr,17,ON_TIME,9297
214,4,Apr,18,DELAYED,3442
215,4,Apr,18,ON_TIME,8828
216,4,Apr,19,DELAYED,5091
217,4,Apr,19,ON_TIME,9523
218,4,Apr,20,DELAYED,6354
219,4,Apr,20,ON_TIME,8547
220,4,Apr,21,DELAYED,4387
221,4,Apr,21,ON_TIME,10535
222,4,Apr,22,DELAYED,4588
223,4,Apr,22,ON_TIME,10690
224,4,Apr,23,DELAYED,5504
225,4,Apr,23,ON_TIME,9977
226,4,Apr,24,DELAYED,6951
227,4,Apr,24,ON_TIME,8315
228,4,Apr,25,DELAYED,4863
229,4,Apr,25,ON_TIME,7419
230,4,Apr,26,DELAYED,4573
231,4,Apr,26,ON_TIME,10033
232,4,Apr,27,DELAYED,5416
233,4,Apr,27,ON_TIME,9871
234,4,Apr,28,DELAYED,3966
235,4,Apr,28,ON_TIME,11015
236,4,Apr,29,DELAYED,3529
237,4,Apr,29,ON_TIME,11761
238,4,Apr,30,DELAYED,4292
239,4,Apr,30,ON_TIME,11179
240,5,May,1,DELAYED,3821
241,5,May,1,ON_TIME,11697
242,5,May,2,DELAYED,2381
243,5,May,2,ON_TIME,9889
244,5,May,3,DELAYED,4058
245,5,May,3,ON_TIME,10652
246,5,May,4,DELAYED,4597
247,5,May,4,ON_TIME,10871
248,5,May,5,DELAYED,4393
249,5,May,5,ON_TIME,10621
250,5,May,6,DELAYED,4828
251,5,May,6,ON_TIME,10313
252,5,May,7,DELAYED,5192
253,5,May,7,ON_TIME,10295
254,5,May,8,DELAYED,6327
255,5,May,8,ON_TIME,9118
256,5,May,9,DELAYED,4502
257,5,May,9,ON_TIME,7329
258,5,May,10,DELAYED,5830
259,5,May,10,ON_TIME,7753
260,5,May,11,DELAYED,7081
261,5,May,11,ON_TIME,8173
262,5,May,12,DELAYED,4757
263,5,May,12,ON_TIME,10432
264,5,May,13,DELAYED,5050
265,5,May,13,ON_TIME,10299
266,5,May,14,DELAYED,5190
267,5,May,14,ON_TIME,10376
268,5,May,15,DELAYED,5957
269,5,May,15,ON_TIME,9661
270,5,May,16,DELAYED,3675
271,5,May,16,ON_TIME,8594
272,5,May,17,DELAYED,5639
273,5,May,17,ON_TIME,9030
274,5,May,18,DELAYED,7693
275,5,May,18,ON_TIME,7638
276,5,May,19,DELAYED,6625
277,5,May,19,ON_TIME,8625
278,5,May,20,DELAYED,5957
279,5,May,20,ON_TIME,9427
280,5,May,21,DELAYED,6406
281,5,May,21,ON_TIME,9269
282,5,May,22,DELAYED,5402
283,5,May,22,ON_TIME,10292
284,5,May,23,DELAYED,3416
285,5,May,23,ON_TIME,8335
286,5,May,24,DELAYED,2990
287,5,May,24,ON_TIME,9007
288,5,May,25,DELAYED,4542
289,5,May,25,ON_TIME,9557
290,5,May,26,DELAYED,6737
291,5,May,26,ON_TIME,8069
292,5,May,27,DELAYED,6973
293,5,May,27,ON_TIME,7981
294,5,May,28,DELAYED,5997
295,5,May,28,ON_TIME,9504
296,5,May,29,DELAYED,5711
297,5,May,29,ON_TIME,9854
298,5,May,30,DELAYED,3817
299,5,May,30,ON_TIME,8367
300,5,May,31,DELAYED,6185
301,5,May,31,ON_TIME,8240
302,6,Jun,1,DELAYED,6607
303,6,Jun,1,ON_TIME,8512
304,6,Jun,2,DELAYED,5405
305,6,Jun,2,ON_TIME,9847
306,6,Jun,3,DELAYED,4979
307,6,Jun,3,ON_TIME,10374
308,6,Jun,4,DELAYED,5048
309,6,Jun,4,ON_TIME,10677
310,6,Jun,5,DELAYED,5985
311,6,Jun,5,ON_TIME,9790
312,6,Jun,6,DELAYED,3275
313,6,Jun,6,ON_TIME,9770
314,6,Jun,7,DELAYED,5475
315,6,Jun,7,ON_TIME,9720
316,6,Jun,8,DELAYED,6097
317,6,Jun,8,ON_TIME,9316
318,6,Jun,9,DELAYED,6718
319,6,Jun,9,ON_TIME,8610
320,6,Jun,10,DELAYED,6831
321,6,Jun,10,ON_TIME,8784
322,6,Jun,11,DELAYED,7364
323,6,Jun,11,ON_TIME,8336
324,6,Jun,12,DELAYED,7682
325,6,Jun,12,ON_TIME,8099
326,6,Jun,13,DELAYED,5126
327,6,Jun,13,ON_TIME,8284
328,6,Jun,14,DELAYED,6521
329,6,Jun,14,ON_TIME,8692
330,6,Jun,15,DELAYED,7442
331,6,Jun,15,ON_TIME,7245
332,6,Jun,16,DELAYED,7527
333,6,Jun,16,ON_TIME,7399
334,6,Jun,17,DELAYED,7350
335,6,Jun,17,ON_TIME,7791
336,6,Jun,18,DELAYED,8558
337,6,Jun,18,ON_TIME,7163
338,6,Jun,19,DELAYED,6764
339,6,Jun,19,ON_TIME,9125
340,6,Jun,20,DELAYED,5419
341,6,Jun,20,ON_TIME,7904
342,6,Jun,21,DELAYED,6213
343,6,Jun,21,ON_TIME,8985
344,6,Jun,22,DELAYED,6584
345,6,Jun,22,ON_TIME,8792
346,6,Jun,23,DELAYED,6280
347,6,Jun,23,ON_TIME,9089
348,6,Jun,24,DELAYED,6444
349,6,Jun,24,ON_TIME,9029
350,6,Jun,25,DELAYED,6902
351,6,Jun,25,ON_TIME,8860
352,6,Jun,26,DELAYED,7547
353,6,Jun,26,ON_TIME,8276
354,6,Jun,27,DELAYED,6219
355,6,Jun,27,ON_TIME,7270
356,6,Jun,28,DELAYED,6257
357,6,Jun,28,ON_TIME,8833
358,6,Jun,29,DELAYED,5833
359,6,Jun,29,ON_TIME,9745
360,6,Jun,30,DELAYED,6840
361,6,Jun,30,ON_TIME,8122
362,7,Jul,1,DELAYED,7585
363,7,Jul,1,ON_TIME,8935
364,7,Jul,2,DELAYED,7654
365,7,Jul,2,ON_TIME,9438
366,7,Jul,3,DELAYED,4736
367,7,Jul,3,ON_TIME,9669
368,7,Jul,4,DELAYED,2460
369,7,Jul,4,ON_TIME,9996
370,7,Jul,5,DELAYED,5285
371,7,Jul,5,ON_TIME,11097
372,7,Jul,6,DELAYED,7394
373,7,Jul,6,ON_TIME,9581
374,7,Jul,7,DELAYED,7505
375,7,Jul,7,ON_TIME,9291
376,7,Jul,8,DELAYED,8075
377,7,Jul,8,ON_TIME,8730
378,7,Jul,9,DELAYED,7104
379,7,Jul,9,ON_TIME,9838
380,7,Jul,10,DELAYED,5766
381,7,Jul,10,ON_TIME,11390
382,7,Jul,11,DELAYED,4150
383,7,Jul,11,ON_TIME,10535
384,7,Jul,12,DELAYED,5354
385,7,Jul,12,ON_TIME,11166
386,7,Jul,13,DELAYED,7647
387,7,Jul,13,ON_TIME,9115
388,7,Jul,14,DELAYED,8074
389,7,Jul,14,ON_TIME,8528
390,7,Jul,15,DELAYED,8000
391,7,Jul,15,ON_TIME,8809
392,7,Jul,16,DELAYED,6260
393,7,Jul,16,ON_TIME,10856
394,7,Jul,17,DELAYED,6211
395,7,Jul,17,ON_TIME,10946
396,7,Jul,18,DELAYED,7546
397,7,Jul,18,ON_TIME,6794
398,7,Jul,19,DELAYED,6716
399,7,Jul,19,ON_TIME,9687
400,7,Jul,20,DELAYED,5754
401,7,Jul,20,ON_TIME,11285
402,7,Jul,21,DELAYED,6786
403,7,Jul,21,ON_TIME,10062
404,7,Jul,22,DELAYED,5747
405,7,Jul,22,ON_TIME,11222
406,7,Jul,23,DELAYED,6661
407,7,Jul,23,ON_TIME,10453
408,7,Jul,24,DELAYED,5953
409,7,Jul,24,ON_TIME,11170
410,7,Jul,25,DELAYED,4703
411,7,Jul,25,ON_TIME,9934
412,7,Jul,26,DELAYED,5390
413,7,Jul,26,ON_TIME,11106
414,7,Jul,27,DELAYED,5922
415,7,Jul,27,ON_TIME,11189
416,7,Jul,28,DELAYED,6178
417,7,Jul,28,ON_TIME,10694
418,7,Jul,29,DELAYED,6422
419,7,Jul,29,ON_TIME,10565
420,7,Jul,30,DELAYED,7544
421,7,Jul,30,ON_TIME,9334
422,7,Jul,31,DELAYED,6752
423,7,Jul,31,ON_TIME,10251
424,8,Aug,1,DELAYED,5761
425,8,Aug,1,ON_TIME,8825
426,8,Aug,2,DELAYED,5741
427,8,Aug,2,ON_TIME,10476
428,8,Aug,3,DELAYED,6496
429,8,Aug,3,ON_TIME,10571
430,8,Aug,4,DELAYED,6630
431,8,Aug,4,ON_TIME,10368
432,8,Aug,5,DELAYED,6371
433,8,Aug,5,ON_TIME,10662
434,8,Aug,6,DELAYED,7104
435,8,Aug,6,ON_TIME,10041
436,8,Aug,7,DELAYED,7036
437,8,Aug,7,ON_TIME,10123
438,8,Aug,8,DELAYED,4682
439,8,Aug,8,ON_TIME,9999
440,8,Aug,9,DELAYED,5225
441,8,Aug,9,ON_TIME,11005
442,8,Aug,10,DELAYED,7280
443,8,Aug,10,ON_TIME,9317
444,8,Aug,11,DELAYED,7966
445,8,Aug,11,ON_TIME,8477
446,8,Aug,12,DELAYED,5287
447,8,Aug,12,ON_TIME,11483
448,8,Aug,13,DELAYED,5978
449,8,Aug,13,ON_TIME,10924
450,8,Aug,14,DELAYED,6240
451,8,Aug,14,ON_TIME,10726
452,8,Aug,15,DELAYED,5411
453,8,Aug,15,ON_TIME,8316
454,8,Aug,16,DELAYED,6127
455,8,Aug,16,ON_TIME,10098
456,8,Aug,17,DELAYED,6711
457,8,Aug,17,ON_TIME,9945
458,8,Aug,18,DELAYED,6730
459,8,Aug,18,ON_TIME,9235
460,8,Aug,19,DELAYED,7209
461,8,Aug,19,ON_TIME,8938
462,8,Aug,20,DELAYED,8557
463,8,Aug,20,ON_TIME,7502
464,8,Aug,21,DELAYED,6308
465,8,Aug,21,ON_TIME,10313
466,8,Aug,22,DELAYED,3506
467,8,Aug,22,ON_TIME,9730
468,8,Aug,23,DELAYED,6113
469,8,Aug,23,ON_TIME,9579
470,8,Aug,24,DELAYED,4645
471,8,Aug,24,ON_TIME,11891
472,8,Aug,25,DELAYED,4686
473,8,Aug,25,ON_TIME,11398
474,8,Aug,26,DELAYED,4084
475,8,Aug,26,ON_TIME,12179
476,8,Aug,27,DELAYED,4785
477,8,Aug,27,ON_TIME,11815
478,8,Aug,28,DELAYED,4039
479,8,Aug,28,ON_TIME,12620
480,8,Aug,29,DELAYED,3135
481,8,Aug,29,ON_TIME,9875
482,8,Aug,30,DELAYED,4152
483,8,Aug,30,ON_TIME,11425
484,8,Aug,31,DELAYED,4596
485,8,Aug,31,ON_TIME,11851
486,9,Sep,1,DELAYED,3108
487,9,Sep,1,ON_TIME,12875
488,9,Sep,2,DELAYED,4428
489,9,Sep,2,ON_TIME,11712
490,9,Sep,3,DELAYED,5858
491,9,Sep,3,ON_TIME,10650
492,9,Sep,4,DELAYED,6429
493,9,Sep,4,ON_TIME,10023
494,9,Sep,5,DELAYED,2989
495,9,Sep,5,ON_TIME,8813
496,9,Sep,6,DELAYED,2258
497,9,Sep,6,ON_TIME,10198
498,9,Sep,7,DELAYED,3350
499,9,Sep,7,ON_TIME,12052
500,9,Sep,8,DELAYED,5686
501,9,Sep,8,ON_TIME,9820
502,9,Sep,9,DELAYED,5081
503,9,Sep,9,ON_TIME,10027
504,9,Sep,10,DELAYED,6533
505,9,Sep,10,ON_TIME,8572
506,9,Sep,11,DELAYED,5179
507,9,Sep,11,ON_TIME,10293
508,9,Sep,12,DELAYED,3398
509,9,Sep,12,ON_TIME,8739
510,9,Sep,13,DELAYED,4598
511,9,Sep,13,ON_TIME,10787
512,9,Sep,14,DELAYED,3953
513,9,Sep,14,ON_TIME,12136
514,9,Sep,15,DELAYED,3648
515,9,Sep,15,ON_TIME,11715
516,9,Sep,16,DELAYED,4305
517,9,Sep,16,ON_TIME,11544
518,9,Sep,17,DELAYED,6344
519,9,Sep,17,ON_TIME,9860
520,9,Sep,18,DELAYED,5714
521,9,Sep,18,ON_TIME,10484
522,9,Sep,19,DELAYED,2924
523,9,Sep,19,ON_TIME,9412
524,9,Sep,20,DELAYED,3813
525,9,Sep,20,ON_TIME,11663
526,9,Sep,21,DELAYED,4172
527,9,Sep,21,ON_TIME,12057
528,9,Sep,22,DELAYED,3108
529,9,Sep,22,ON_TIME,12260
530,9,Sep,23,DELAYED,3263
531,9,Sep,23,ON_TIME,12478
532,9,Sep,24,DELAYED,4204
533,9,Sep,24,ON_TIME,12113
534,9,Sep,25,DELAYED,5419
535,9,Sep,25,ON_TIME,10933
536,9,Sep,26,DELAYED,2853
537,9,Sep,26,ON_TIME,9649
538,9,Sep,27,DELAYED,4412
539,9,Sep,27,ON_TIME,11185
540,9,Sep,28,DELAYED,4706
541,9,Sep,28,ON_TIME,11581
542,9,Sep,29,DELAYED,4784
543,9,Sep,29,ON_TIME,10803
544,9,Sep,30,DELAYED,5121
545,9,Sep,30,ON_TIME,10940
546,10,Oct,1,DELAYED,6385
547,10,Oct,1,ON_TIME,9972
548,10,Oct,2,DELAYED,6976
549,10,Oct,2,ON_TIME,9294
550,10,Oct,3,DELAYED,3628
551,10,Oct,3,ON_TIME,8849
552,10,Oct,4,DELAYED,4874
553,10,Oct,4,ON_TIME,10677
554,10,Oct,5,DELAYED,4614
555,10,Oct,5,ON_TIME,11711
556,10,Oct,6,DELAYED,3707
557,10,Oct,6,ON_TIME,12171
558,10,Oct,7,DELAYED,3673
559,10,Oct,7,ON_TIME,12474
560,10,Oct,8,DELAYED,4540
561,10,Oct,8,ON_TIME,11895
562,10,Oct,9,DELAYED,6268
563,10,Oct,9,ON_TIME,9997
564,10,Oct,10,DELAYED,3491
565,10,Oct,10,ON_TIME,9154
566,10,Oct,11,DELAYED,4466
567,10,Oct,11,ON_TIME,11091
568,10,Oct,12,DELAYED,3542
569,10,Oct,12,ON_TIME,12848
570,10,Oct,13,DELAYED,3162
571,10,Oct,13,ON_TIME,12739
572,10,Oct,14,DELAYED,3442
573,10,Oct,14,ON_TIME,12719
574,10,Oct,15,DELAYED,4914
575,10,Oct,15,ON_TIME,11539
576,10,Oct,16,DELAYED,5558
577,10,Oct,16,ON_TIME,10759
578,10,Oct,17,DELAYED,2772
579,10,Oct,17,ON_TIME,9788
580,10,Oct,18,DELAYED,4967
581,10,Oct,18,ON_TIME,10654
582,10,Oct,19,DELAYED,4175
583,10,Oct,19,ON_TIME,12186
584,10,Oct,20,DELAYED,3576
585,10,Oct,20,ON_TIME,12306
586,10,Oct,21,DELAYED,3990
587,10,Oct,21,ON_TIME,12184
588,10,Oct,22,DELAYED,5090
589,10,Oct,22,ON_TIME,11124
590,10,Oct,23,DELAYED,6109
591,10,Oct,23,ON_TIME,9626
592,10,Oct,24,DELAYED,3591
593,10,Oct,24,ON_TIME,8928
594,10,Oct,25,DELAYED,4428
595,10,Oct,25,ON_TIME,11018
596,10,Oct,26,DELAYED,4663
597,10,Oct,26,ON_TIME,11599
598,10,Oct,27,DELAYED,3737
599,10,Oct,27,ON_TIME,11468
600,10,Oct,28,DELAYED,5552
601,10,Oct,28,ON_TIME,9825
602,10,Oct,29,DELAYED,4989
603,10,Oct,29,ON_TIME,11081
604,10,Oct,30,DELAYED,4998
605,10,Oct,30,ON_TIME,10549
606,10,Oct,31,DELAYED,3437
607,10,Oct,31,ON_TIME,7904
608,11,Nov,1,DELAYED,4836
609,11,Nov,1,ON_TIME,10534
610,11,Nov,2,DELAYED,5892
611,11,Nov,2,ON_TIME,10253
612,11,Nov,3,DELAYED,3487
613,11,Nov,3,ON_TIME,12115
614,11,Nov,4,DELAYED,4662
615,11,Nov,4,ON_TIME,11301
616,11,Nov,5,DELAYED,6768
617,11,Nov,5,ON_TIME,9381
618,11,Nov,6,DELAYED,6038
619,11,Nov,6,ON_TIME,10209
620,11,Nov,7,DELAYED,3058
621,11,Nov,7,ON_TIME,9544
622,11,Nov,8,DELAYED,4079
623,11,Nov,8,ON_TIME,11389
624,11,Nov,9,DELAYED,4921
625,11,Nov,9,ON_TIME,11301
626,11,Nov,10,DELAYED,4655
627,11,Nov,10,ON_TIME,11076
628,11,Nov,11,DELAYED,5152
629,11,Nov,11,ON_TIME,10680
630,11,Nov,12,DELAYED,5737
631,11,Nov,12,ON_TIME,10564
632,11,Nov,13,DELAYED,4599
633,11,Nov,13,ON_TIME,11733
634,11,Nov,14,DELAYED,2448
635,11,Nov,14,ON_TIME,10148
636,11,Nov,15,DELAYED,4495
637,11,Nov,15,ON_TIME,10954
638,11,Nov,16,DELAYED,5627
639,11,Nov,16,ON_TIME,10413
640,11,Nov,17,DELAYED,6557
641,11,Nov,17,ON_TIME,8886
642,11,Nov,18,DELAYED,7002
643,11,Nov,18,ON_TIME,8594
644,11,Nov,19,DELAYED,6181
645,11,Nov,19,ON_TIME,9989
646,11,Nov,20,DELAYED,5822
647,11,Nov,20,ON_TIME,10490
648,11,Nov,21,DELAYED,4804
649,11,Nov,21,ON_TIME,6972
650,11,Nov,22,DELAYED,5279
651,11,Nov,22,ON_TIME,9233
652,11,Nov,23,DELAYED,3514
653,11,Nov,23,ON_TIME,10995
654,11,Nov,24,DELAYED,4254
655,11,Nov,24,ON_TIME,11603
656,11,Nov,25,DELAYED,3793
657,11,Nov,25,ON_TIME,12712
658,11,Nov,26,DELAYED,2265
659,11,Nov,26,ON_TIME,7649
660,11,Nov,27,DELAYED,3562
661,11,Nov,27,ON_TIME,9016
662,11,Nov,28,DELAYED,5512
663,11,Nov,28,ON_TIME,10313
664,11,Nov,29,DELAYED,6412
665,11,Nov,29,ON_TIME,10866
666,11,Nov,30,DELAYED,6163
667,11,Nov,30,ON_TIME,10535
668,12,Dec,1,DELAYED,5663
669,12,Dec,1,ON_TIME,9889
670,12,Dec,2,DELAYED,6304
671,12,Dec,2,ON_TIME,9245
672,12,Dec,3,DELAYED,5159
673,12,Dec,3,ON_TIME,10811
674,12,Dec,4,DELAYED,3786
675,12,Dec,4,ON_TIME,12192
676,12,Dec,5,DELAYED,2348
677,12,Dec,5,ON_TIME,9645
678,12,Dec,6,DELAYED,3500
679,12,Dec,6,ON_TIME,11355
680,12,Dec,7,DELAYED,4497
681,12,Dec,7,ON_TIME,11119
682,12,Dec,8,DELAYED,3023
683,12,Dec,8,ON_TIME,12288
684,12,Dec,9,DELAYED,3503
685,12,Dec,9,ON_TIME,12055
686,12,Dec,10,DELAYED,4674
687,12,Dec,10,ON_TIME,11326
688,12,Dec,11,DELAYED,4762
689,12,Dec,11,ON_TIME,11261
690,12,Dec,12,DELAYED,3079
691,12,Dec,12,ON_TIME,8806
692,12,Dec,13,DELAYED,4673
693,12,Dec,13,ON_TIME,10104
694,12,Dec,14,DELAYED,5581
695,12,Dec,14,ON_TIME,10030
696,12,Dec,15,DELAYED,4245
697,12,Dec,15,ON_TIME,10700
698,12,Dec,16,DELAYED,5624
699,12,Dec,16,ON_TIME,10206
700,12,Dec,17,DELAYED,7459
701,12,Dec,17,ON_TIME,8817
702,12,Dec,18,DELAYED,7356
703,12,Dec,18,ON_TIME,8983
704,12,Dec,19,DELAYED,5277
705,12,Dec,19,ON_TIME,9186
706,12,Dec,20,DELAYED,5575
707,12,Dec,20,ON_TIME,9951
708,12,Dec,21,DELAYED,6480
709,12,Dec,21,ON_TIME,9433
710,12,Dec,22,DELAYED,8275
711,12,Dec,22,ON_TIME,7611
712,12,Dec,23,DELAYED,9397
713,12,Dec,23,ON_TIME,6600
714,12,Dec,24,DELAYED,5466
715,12,Dec,24,ON_TIME,7289
716,12,Dec,25,DELAYED,4265
717,12,Dec,25,ON_TIME,8008
718,12,Dec,26,DELAYED,7283
719,12,Dec,26,ON_TIME,7296
720,12,Dec,27,DELAYED,8661
721,12,Dec,27,ON_TIME,6348
722,12,Dec,28,DELAYED,7541
723,12,Dec,28,ON_TIME,6306
724,12,Dec,29,DELAYED,9071
725,12,Dec,29,ON_TIME,6218
726,12,Dec,30,DELAYED,9955
727,12,Dec,30,ON_TIME,5766
728,12,Dec,31,DELAYED,4438
729,12,Dec,31,ON_TIME,8483
